Replicate.Name,Blank.Name
200821_Smp_20ppt3C_A,200821_Blk_FilterBlk20_A
200821_Smp_20ppt3C_B,200821_Blk_FilterBlk20_A
200821_Smp_20ppt3C_C,200821_Blk_FilterBlk20_A
200821_Smp_35ppt0C_A,200821_Blk_FilterBlk35_A
200821_Smp_35ppt0C_B,200821_Blk_FilterBlk35_A
200821_Smp_35ppt0C_C,200821_Blk_FilterBlk35_A
200821_Smp_50ppt-3C_A,200821_Blk_FilterBlk50_A
200821_Smp_50ppt-3C_B,200821_Blk_FilterBlk50_A
200821_Smp_50ppt-3C_C,200821_Blk_FilterBlk50_A
200821_Smp_Ev15SW_A,200821_Blk_FilterBlkFSWEvX_A
200821_Smp_Ev32Core_A,200821_Blk_FilterBlkFSWEvX_A
200821_Smp_Ev32Core_B,200821_Blk_FilterBlkFSWEvX_A
200821_Smp_Ev32Core_C,200821_Blk_FilterBlkFSWEvX_A
200821_Smp_Ev37Core_A,200821_Blk_FilterBlkFSWEvX_A
200821_Smp_Ev51Slush_A,200821_Blk_FilterBlkFSWEvX_A
200821_Smp_Ev60SW_A,200821_Blk_FilterBlkFSWEvX_A
200821_Smp_EvXCore_A,200821_Blk_FilterBlkFSWEvX_A
200821_Smp_EvXSW_A,200821_Blk_FilterBlkFSWEvX_A
200821_Smp_Hero1_A,200821_Blk_FilterBlkFSWB2_A
200821_Smp_Hero1_A,200821_Blk_FilterBlkFSWB2_B
200821_Smp_Hero1_A,200821_Blk_FilterBlkFSWB2_C
200821_Smp_Hero1_B,200821_Blk_FilterBlkFSWB2_A
200821_Smp_Hero1_B,200821_Blk_FilterBlkFSWB2_B
200821_Smp_Hero1_B,200821_Blk_FilterBlkFSWB2_C
200821_Smp_Hero1_C,200821_Blk_FilterBlkFSWB2_A
200821_Smp_Hero1_C,200821_Blk_FilterBlkFSWB2_B
200821_Smp_Hero1_C,200821_Blk_FilterBlkFSWB2_C
200821_Smp_StaB1_A,200821_Blk_FilterBlkFSWB2_A
200821_Smp_StaB1_A,200821_Blk_FilterBlkFSWB2_B
200821_Smp_StaB1_A,200821_Blk_FilterBlkFSWB2_C
200821_Smp_StaB1_B,200821_Blk_FilterBlkFSWB2_A
200821_Smp_StaB1_B,200821_Blk_FilterBlkFSWB2_B
200821_Smp_StaB1_B,200821_Blk_FilterBlkFSWB2_C
200821_Smp_StaB1_C,200821_Blk_FilterBlkFSWB2_A
200821_Smp_StaB1_C,200821_Blk_FilterBlkFSWB2_B
200821_Smp_StaB1_C,200821_Blk_FilterBlkFSWB2_C
200821_Smp_StaB1_D,200821_Blk_FilterBlkFSWB2_A
200821_Smp_StaB1_D,200821_Blk_FilterBlkFSWB2_B
200821_Smp_StaB1_D,200821_Blk_FilterBlkFSWB2_C
200821_Smp_StaB1_E,200821_Blk_FilterBlkFSWB2_A
200821_Smp_StaB1_E,200821_Blk_FilterBlkFSWB2_B
200821_Smp_StaB1_E,200821_Blk_FilterBlkFSWB2_C
200821_Smp_StaB2_A,200821_Blk_FilterBlkFSWB2_A
200821_Smp_StaB2_A,200821_Blk_FilterBlkFSWB2_B
200821_Smp_StaB2_A,200821_Blk_FilterBlkFSWB2_C
200821_Smp_StaB2_B,200821_Blk_FilterBlkFSWB2_A
200821_Smp_StaB2_B,200821_Blk_FilterBlkFSWB2_B
200821_Smp_StaB2_B,200821_Blk_FilterBlkFSWB2_C
200821_Smp_StaB2_C,200821_Blk_FilterBlkFSWB2_A
200821_Smp_StaB2_C,200821_Blk_FilterBlkFSWB2_B
200821_Smp_StaB2_C,200821_Blk_FilterBlkFSWB2_C
200821_Smp_StaB3_A,200821_Blk_FilterBlkFSWB3_A
200821_Smp_StaB3_A,200821_Blk_FilterBlkFSWB3_B
200821_Smp_StaB3_A,200821_Blk_FilterBlkFSWB3_C
200821_Smp_StaB3_B,200821_Blk_FilterBlkFSWB3_A
200821_Smp_StaB3_B,200821_Blk_FilterBlkFSWB3_B
200821_Smp_StaB3_B,200821_Blk_FilterBlkFSWB3_C
200821_Smp_StaB3_C,200821_Blk_FilterBlkFSWB3_A
200821_Smp_StaB3_C,200821_Blk_FilterBlkFSWB3_B
200821_Smp_StaB3_C,200821_Blk_FilterBlkFSWB3_C
200821_Smp_StaB4_A,200821_Blk_FilterBlkFSWB5_A
200821_Smp_StaB4_A,200821_Blk_FilterBlkFSWB5_B
200821_Smp_StaB4_A,200821_Blk_FilterBlkFSWB5_C
200821_Smp_StaB4_B,200821_Blk_FilterBlkFSWB5_A
200821_Smp_StaB4_B,200821_Blk_FilterBlkFSWB5_B
200821_Smp_StaB4_B,200821_Blk_FilterBlkFSWB5_C
200821_Smp_StaB4_C,200821_Blk_FilterBlkFSWB5_A
200821_Smp_StaB4_C,200821_Blk_FilterBlkFSWB5_B
200821_Smp_StaB4_C,200821_Blk_FilterBlkFSWB5_C
200821_Smp_StaB5_A,200821_Blk_FilterBlkFSWB5_A
200821_Smp_StaB5_A,200821_Blk_FilterBlkFSWB5_B
200821_Smp_StaB5_A,200821_Blk_FilterBlkFSWB5_C
200821_Smp_StaB5_B,200821_Blk_FilterBlkFSWB5_A
200821_Smp_StaB5_B,200821_Blk_FilterBlkFSWB5_B
200821_Smp_StaB5_B,200821_Blk_FilterBlkFSWB5_C
200821_Smp_StaB5_C,200821_Blk_FilterBlkFSWB5_A
200821_Smp_StaB5_C,200821_Blk_FilterBlkFSWB5_B
200821_Smp_StaB5_C,200821_Blk_FilterBlkFSWB5_C