,global_edge_num,proportion_placed
TGGTCGTCGCTTTTATTGGGCCTAAAACGTCCGTAGCCTGTTTGGTAAATCTGTGGGTAAATCAACCAGCTTAACTGGTTGAATTCTGCAGAGACTGCCAGACTAGGGACCGGGAGAGGTGTGGGGTACTCTAGGGGTAGGGGTAAAATCCTGTCATCCTTAGAGGACCACCAGTTGCGAAGGCGCCACACTAGAACGGATCCGACGGTCAGGGACGAAGCCT,archaea_4,1.0
TGGGAATCATGATTATTGGGCCTAAAGCGTCCGTAGCCGGTTTGATAAATCCTTAGTGAAATCGTTCAGCTCAACTGATCGGCGTGCTAGGGACACTGTTAAACTAGGAACTGGGAGGAGTCGGAGGTATGCAAGGGGGAGCGGTAAAATGCAATAATCCCTTGTAGACCACCTGTGGCGAAGGCGTCTGACTAGAACGGATTCGACGGTGAGGGACGAAAGCC,archaea_588,1.0
TGGTGGTCATTTTTATTGGGCCTAAAGCGTCCGTAGCCGGTTTTGTAAATGCCTGGGTAAATCGATGCGCTCAACGTATCGAATTCCGGGTAGACTGCAAGACTAGAGACCGGGAGAGGTGTGGGGTACTCGAGGGGTAGGGGTAAAATCCTGTAATCCTTCGGGGACCACCAGTGGCGAAGGCGCCACACTGGAACGGTTCTGACGGTGAGGGACGAAGCCC,archaea_4,1.0
TGGTGGTCACTATTACTGGGCCTAAAGCGTCCGTAGCCTGTTGAGTAAATGCCTGGGTAAATCGAAACGCTCAACGTTTCGACTTCCGGGTAGACTGCTCGACTAGAGACCGGGAGAGGTGTGGGGTACTCGGGGGGTAGGGGTAAAATCCTGTAATCCTCCGGGGACCACCAGTGGCGAAGGCGCCACACTGGAACGGATCTGACGGTGAGGGACGAAGCCC,archaea_4,1.0
TGGAGTTCACTATTATTGGGTCTAAAGTGTTCGTAGCTGGTTTGTTAAGTCTCTTGTGAAATTTCTGTTGCTTAACTCAGAAATTGCAAGAGATACTGGCAAACTTGAGACCGGAAGAGGTTGCAAGTATTGTTTGGGTAGCGGTAAAATGCTATAATCCTTACAAGACTAACTAAGGCGAAGGCATGCAACTTGGACGGATCTGACAGTGAGGAACGAGAGCT,archaea_588,1.0
TGGTCAGGATGATTATTGGGCCTAAAGCATCCGTAGCCGGCTCTGTAAGTTTTCGGTTAAATCTGTACGCTTAACGTACAGGCTGCCGGGAATACTGCAGAGCTAGGGAGTGGGAGAGGTAGACGGTACTCGGTAGGAAGTGGTAAAATGCTTTGATCTATCGATGACCACCTGTGGCGAAGGCGGTCTACCAGAACACGTCCGACGGTGAGGGATGAAAGCT,archaea_173,1.0
TGGTCGTCGCTTTTATTGGGCCTAAAACGTCCGTAGCCTGTTTGGTAAATCTGTGGGTAAATCAACCAGCTTAACTGGTTGAATTCTGCAGAGACTGCCAGACTAGGGACCGGGAGAGGTGTGGGGTACTCTAGGGGTAGGGGTAAAATCCTGTCATCCTTAGAGGACCACCAGTTGCGAAGGCGCCACACTGGAACGGATCCGACGGTCAGGGACGAAGCCT,archaea_4,1.0
TGGTCAGGAGGATTATTGGGCCTAAAGCATCCGTAGCCGGCTCTGTAAGTTTTCGGTTAAATCCATGTGCTCAACGCATGGGCTGCCGAAAATACTGCATAGCTAGGGAGTGGGAGAGGTAGACGGTACTCGGTAGGAAGGGGTAAAATCCTTTGATCTATCGATGACCACCTGTGGCGAAGGCGGTCTACCAGAACACGTTCGACGGTGAGGGATGAAAGCT,archaea_198,1.0
TGGTCAGGATGATTATTGGGCCTAAAGCATCCGTAGCCGGCTCTGTAAGTTTTCGGTTAAATCTGTACGCTTAACGTACAGGCTGCCGGGAATACTGCAGAGCTAGGGAGTGGGAGAGGTAGACGGTACTCGGTAGGAAGTGGTAAAATGCTTTGATCTATCGATGGCCACCTGTGGCGAAGGCGGTCTACCAGAACACGTCCGACGGTGAGGGATGAAAGCT,archaea_173,1.0
TGGAGTTCACTATTATTGGGTCTAAAGTGTTCATAGCTGGTTTGTTAAGTCTCTTGTGAAATTTCTGTTGCTTAACTCAGAAATTGCAAGAGATACTGGCAAACTTGAGACCGGAAGAGGTTGCAAGTATTGTTTGGGTAGCGGTAAAATGCTATAATCCTTACAAGACTAACTAAGGCGAAGGCATGCAACTTGGACGGATCTGACAGTGAGGAACGAGAGCT,archaea_588,1.0
TGATGGTTTATACTGGGTTTAAAACGTGTGGAGCTGGTCTACGGAAATAAGAAATTATTTTTACAGAAAGCAATTCTGAAAATCTCAATGCAAAGTTGAATAATGAGTTGAACTACTGGACTAGAGAAAGAGGGGTGTCAAGAGCGCTATTAAAGGAACGGTCAAATGTTTAGATATTAATAGAACTACCAATAGGGAAGCCACTTGACAAAAGCTTGTCTGACGGTAATACACGAAAGCT,archaea_294,1.0
TGGTCAGGATGATTATTGGGCCTAAAGCATCCGTAGCCGGCTCTGTAAGTTTTCGGTTAAATCTGTACGCTCAACGTACAGGCTGCCGGGAATACTGCAAAGCTAGGGAGTGGGAGAAGTAGACGGTACTCGGTAGGAAGTGGTAAAATGCTTTGATCTATCGATGACCACCTGTGGCGAAGGCGGTCTACTAGAACACGTCCGACGGTGAGGGATGAAAGCT,archaea_176,1.0
TGGTCAGGATGATTATTGGGCCTAAAGCATCCGTAGCCGGCTCTGTAAGTTTTCGGTTAAATCTGTACGCTCAACGTACAGGCTGCCGGGAATACTGCAGAACTAGGGAGTGGGAGAGGTAGACGGTACTCGGTAGGAAGTGGTAAAATGCTTTGATCTATCGATGACCACCTGTGGCGAAGGCGGTCTACCAGAACACGTCCGACGGTGAGGGATGAAAGCT,archaea_179,1.0
TGGTAGTCGCTTTTATTGGGCCTAAAACGTCCGTAGCCGGTCTGATACATTCGTGGGTAAATCAACCAGCTTAACTGGTTGAATTCTGCGAGGACGGTCAGACTTGGGACCGGGAGAGGTGTGGGGTACGCTCAGGGTAGGGGTAAAATCCTGTCATCCTGAGCGGACCACCTGTTGCGAAGGCGCCACACTAGAACGGATCCGACGGTCAGGGACGAAGCCT,archaea_4,1.0
TGGTCAGGATGATTATTGGGCCTAAAGCATCCGTAGCCGGCTCTGTAAGTTTTCGGTTAAATCTGTACGCTTAACGTACAGGCTGCCGGGAATACTGCAAAGCTAGGGAGTGGGAGAGGTAGACGGTACTCGGTAGGAAGTGGTAAAATGCTTTGATCTATCGATGACCACCTGTGGCGAAGGCGGTCTACCAGAACACGTCCGACGGTGAGGGATGAAAGCT,archaea_173,1.0
TGGTAGCCACTATTATTGGGCCTAAAGCGTTCGTAGCCGGTTTGGTAAATTCTTGGGTAAATCGTACAGCTTAACTGTGCGGATTCCGGGGACACTACCAGACTTGAGACCGGGAGAGATCAGAGGTACTTGTAGGGGAGCGGTGAAATGTTGTAATCCTACAGGGACCACCAGTGGCGAAGGCGTCTGATCATAACGGCTTTGACGGTGAGGAACGAAACCC,archaea_4,1.0
TGGTCAGGAGGATTATTGGGCCTAAAGCATCCGTAGCCGGCTCTGTAAGTTTTCGGTTAAATCCATGTGCTCAACGCATGGGCTGCCGAAAATACTGCATAGCTAGGGAGTGGGAGAGGTAGACGGTACTCAGTAGGAAGGGGTAAAATCCTTTGATCTATTGATGACCACCTGTGGCGAAGGCGGTCTACCAGAACACGTTCGACGGTGAGGGATGAAAGCT,archaea_198,1.0
TGATGGCCGATATTATTGGGCCTAAAGCGTCCGTAGCTGGCCAGACAAGTCCGTTGGGAAATCGACGTGCTTAACGCGTCGGCGTCCAGCGGAAACTGTCTGGCTTGGGACCGGAAGACCCGAGGGGTACGTCCGGGGTAGGAGTGAAATCCCGTAATCCTGGACGGACCACCGGTGGCGAAAGCGCCTCGGGAAGACGGATCCGACAGTGAGGGACGAAAGCT,archaea_478,1.0
TGATGGCCGATCTTATTGGGCCTAAAGCGTCCGTAGCCGGCCGGGCAAGTCCGTTGGGAAATCTGTTCGCTTAACGAACAGGCGTCCAGCGGAAACTGCTCGGCTTGGGACCGAAAGACCTGAGGGGTACGTCCGGGGTAGGAGTGAAATCCTGTAATCCTGGACGGACCGCCGATGGGGAAACCACCTCAGGAGGACGGATCCGACGGTGAGGGACGAAAGCT,archaea_500,1.0
TGATGGCCGCTATTATTGGGCCTAAAGCGTCCGTAGCCGGCCAGACAAGTCCGTTGGGAAATCGACGCGCTCAACGCGTCGGCGTCCGGCGGAAACTGTCTGGCTTGGGGCCGGAAGACTCGAGGGGTACGTCCGGGGTAGGAGTGAAATCCCGTAATCCTGGACGGACCGCCGGTGGCGAAAGCGCCTCGAGAAGACGGACCCGACGGTGAGGGACGAAAGCT,archaea_477,1.0
TGATGGCCGATATTATTGGGCCTAAAGCGTCCGTAGCTGGCCGCGCAAGTTCGTCGGGAAATCCACTCGCTTAACGAGTGGGCGTCCGGCGAAAACTGTGCGGCTTGGGACCGGAAGATCCAAGGGGTACGTCCGGGGTAGGAGTGAAATCCCGTAATCCTGGACGGACCACCGATGGCGAAAGCACCTTGGAAGGACGGATCCGACAGTGAGGGACGAAAGCT,archaea_414,1.0
TGGTGGCCATTTTTATTGGGCCTAAAGCGTTCGTAGCCGGCCTGATAAGTCTCTGGTGAAATCCCACAGCTTAACTGTGGGAATTGCTGGAGATACTATCAGGCTTGAGGTCGGGAGAGGTTAGAGGTACTCCCAGGGTAGGGGTGAAATCCTATAATCCTGGGAGGACCACCTGTGGCGAAGGCGTCTAACTGGAACGAACCTGACGGTGAGTAACGAAAGCC,archaea_41,1.0
TGATGGCCGCTATTATTGGGCCTAAAGCGTCCGTAGCCGGCCAGACAAGTCCGTTGGGAGATCGACGCGCTCAACGCGTCGGCGTCCGGCGGAAACTGTCTGGCTTGGGGCCGGAAGACTCGAGGGGTACGTCCGGGGTAGGAGTGAAATCCCGTAATCCTGGACGGACCGCCGGTGGCGAAAGCGCCTCGAGAAGACGGACCCGACGGTGAGGGACGAAAGCT,archaea_476,1.0
